{
    "skills":[
        {
            "id":"1",
            "src":"./img/product-chain-1.png",
            "title":"Front-End",
            "description":"Lorem ipsum, dolor sit amet consectetur adipisicing elit"
        },
        {
            "id":"2",
            "src":"./img/tag-1.png",
            "title":"Back-End",
            "description":"Lorem ipsum, dolor sit amet consectetur adipisicing elit"
        },
        {
            "id":"3",
            "src":"./img/feather-pen-2.png",
            "title":"UI & UX Design",
            "description":"Lorem ipsum, dolor sit amet consectetur adipisicing elit"
        },
        {
            "id":"4",
            "src":"./img/feather-pen-1.png",
            "title":"Webflow Development",
            "description":"Lorem ipsum, dolor sit amet consectetur adipisicing elit"
        }
    ],
    "portfolio":[
        {
            "id":"1",
            "src":"./img/logo_iquall_networks.png",
            "title":"Operations Engineer (Iquall Networks) Septiembre 2022 - Noviembre 2023",
            "description":"Pertenecí al equipo de TechOps, dentro del área de Ingeniería, y luego al squad de Estabilidad Operativa dentro de Operaciones de experiencia de Usuario. Mi función fue desplegar nuevas instalaciones de los productos de la compañia en servidores Bare-metal y Cloud de clientes de compañias multinacionales de telecomunicaciones, mediante el uso de tecnologías asociadas a la filosofía DevOps. Además, di soporte de nivel 2 a clientes, asegurando el cumplimiento del SLA contratado por los mismos",
            "link":""
        },
        {
            "id":"2",
            "src":"./img/logounsj.jpg",
            "title":"Auxiliar Docente (Facultad de Ingeniería - UNSJ) Septiembre 2021 - Junio 2023.",
            "description":"Fui ayudante de las cátedras Electrónica Digital 3, Control 3 y Sistemas para Control pertenecientes a la carrera de Ingeniería Electrónica, y de Sistemas Digitales 2 de Bioingeniería. Entre las tareas asignadas a mi labor docente, se encontraban: la coordinación y asistencia durante trabajos prácticos de laboratorio, dictado de clases de consulta y toma de evaluaciones parciales.",
            "link":""
        },
        {
            "id":"3",
            "src":"./img/salvavidas.jpg",
            "title":"Becario de Investigación (UNSJ) Diciembre 2021 - Diciembre 2022. Diseño, construcción y prueba de un salvavidas eléctrico a control remoto",
            "description":"En el marco de un convenio establecido entre la UNSJ con Seguridad Nautica, perteneciente a la Secretaría de Deportes del Gobierno de la Provincia de San Juan, y como parte de mi trabajo final de grado, se llevó a cabo el diseño, construcción y prueba de un Salvavidas eléctrico a Control Remoto. El objetivo principal de este proyecto, atendiendo a las dificultades socioeconómicas presentes dentro del contexto Argentino, fue la construcción de un prototipo de bajo costo, y altamente funcional, en comparación a equipos similares disponibles comercialmente, siendo de más de 10 veces inferior el costo de producción respecto a la compra de un salvavidas eléctrico comercial.",
            "link":""
        },
        {
            "id":"4",
            "src":"./img/aglogo.png",
            "title":"Pasante técnico (AG Electrónica) Noviembre 2021 - Febrero 2022 ",
            "description":"Práctica Profesional Supervisada de mi carrera de Ingeniería Electrónica. Mis funciones dentro de la compañia consistian en el armado, soldado, prueba y empaquetado final de PCBs diseñados para electricidad industrial y domiciliaria. Aprendí a dominar la tecnica de soldado por ola, es decir mediante batea de estaño, y a calibrar dispositivos RF de dimensiones mínimas.",
            "link":""
        }
    ]
}